run,dl,ul,ping,record time
0,266.006,253.778,11.626,2023-09-26 10:36:27
1,292.16,258.592,11.626,2023-09-26 10:37:27
2,294.154,256.54,11.626,2023-09-26 10:38:27
3,271.228,260.789,11.626,2023-09-26 10:39:27
4,326.162,262.57,11.626,2023-09-26 10:40:27
5,309.808,255.215,11.626,2023-09-26 10:41:27
6,244.78,228.203,11.626,2023-09-26 10:42:28
7,238.167,233.919,11.626,2023-09-26 10:43:29
8,293.715,245.772,11.626,2023-09-26 10:44:29
9,288.348,238.373,11.626,2023-09-26 10:45:29
10,316.034,249.219,11.626,2023-09-26 10:46:30
11,315.026,249.11,11.626,2023-09-26 10:47:30
12,269.611,48.855,11.626,2023-09-26 10:48:55
13,285.433,251.241,11.626,2023-09-26 10:49:55
14,260.172,221.95,11.626,2023-09-26 10:50:56
15,353.932,256.486,11.626,2023-09-26 10:51:56
16,366.993,258.525,11.626,2023-09-26 10:52:55
17,364.326,258.843,11.626,2023-09-26 10:53:54
18,356.045,258.984,11.626,2023-09-26 10:54:53
19,251.039,242.553,11.626,2023-09-26 10:55:53
20,361.088,258.786,11.626,2023-09-26 10:56:52
21,346.278,262.794,11.626,2023-09-26 10:57:52
22,373.687,258.396,11.626,2023-09-26 10:58:51
23,320.56,234.691,11.626,2023-09-26 10:59:51
24,243.619,242.569,11.626,2023-09-26 11:00:52
25,272.385,231.628,11.626,2023-09-26 11:01:52
26,351.637,254.288,11.626,2023-09-26 11:02:52
27,363.534,232.276,11.626,2023-09-26 11:03:51
28,283.434,230.913,11.626,2023-09-26 11:04:52
29,326.387,254.174,11.626,2023-09-26 11:05:52
30,355.03,252.699,11.626,2023-09-26 11:06:51
31,206.086,229.188,11.626,2023-09-26 11:07:52
32,304.735,257.136,11.626,2023-09-26 11:08:52
33,287.577,258.081,11.626,2023-09-26 11:09:52
34,364.124,261.296,11.626,2023-09-26 11:10:51
35,371.82,264.444,11.626,2023-09-26 11:11:50
36,264.684,225.709,11.626,2023-09-26 11:12:50
37,265.731,254.64,11.626,2023-09-26 11:13:51
38,340.492,255.081,11.626,2023-09-26 11:14:50
39,357.254,249.472,11.626,2023-09-26 11:15:50
40,360.763,256.185,11.626,2023-09-26 11:16:49
41,366.227,259.777,11.626,2023-09-26 11:17:48
42,342.013,260.102,11.626,2023-09-26 11:18:47
43,381.055,264.104,11.626,2023-09-26 11:19:46
44,362.939,260.008,11.626,2023-09-26 11:20:45
45,299.825,237.545,11.626,2023-09-26 11:21:46
46,237.74,215.07,11.626,2023-09-26 11:22:47
47,339.619,263.96,11.626,2023-09-26 11:23:46
48,387.528,267.296,11.626,2023-09-26 11:24:44
49,376,269.129,11.626,2023-09-26 11:25:43
50,345.213,263.891,11.626,2023-09-26 11:26:42
51,373.17,264.484,11.626,2023-09-26 11:27:41
52,379.081,261.541,11.626,2023-09-26 11:28:40
53,379.534,266.086,11.626,2023-09-26 11:29:38
54,389.784,265.278,11.626,2023-09-26 11:30:37
55,336.963,260.969,11.626,2023-09-26 11:31:36
56,300.512,264.777,11.626,2023-09-26 11:32:36
57,291.988,259.467,11.626,2023-09-26 11:33:36
58,263.245,248.888,11.626,2023-09-26 11:34:37
59,412.01,271.086,11.626,2023-09-26 11:35:35
60,191.137,234.543,11.626,2023-09-26 11:36:35
61,159.388,221.044,11.626,2023-09-26 11:37:36
62,235.223,203.785,11.626,2023-09-26 11:38:38
63,296.634,254.172,11.626,2023-09-26 11:39:38
64,202.141,189.515,11.626,2023-09-26 11:40:40
65,218.375,251.061,11.626,2023-09-26 11:41:40
66,172.442,217.29,11.626,2023-09-26 11:42:41
67,227.78,4.248,11.626,2023-09-26 11:44:07
68,419.793,175.399,11.626,2023-09-26 11:45:07
69,412.628,158.779,11.626,2023-09-26 11:46:08
70,137.389,159.865,11.626,2023-09-26 11:47:11
71,134.583,191.882,11.626,2023-09-26 11:48:13
72,91.782,176.017,11.626,2023-09-26 11:49:15
73,89.077,236.289,11.626,2023-09-26 11:50:16
74,116.875,251.635,11.626,2023-09-26 11:51:16
75,103.733,244.427,11.626,2023-09-26 11:52:16
76,143.922,217.344,11.626,2023-09-26 11:53:17
77,128.459,215.648,11.626,2023-09-26 11:54:18
78,105.047,229.934,11.626,2023-09-26 11:55:19
79,132.197,196.947,11.626,2023-09-26 11:56:21
80,155.102,242.026,11.626,2023-09-26 11:57:21
81,133.765,220.711,11.626,2023-09-26 11:58:22
82,206.318,225.793,11.626,2023-09-26 11:59:23
83,182.209,219.142,11.626,2023-09-26 12:00:24
84,206.582,199.959,11.626,2023-09-26 12:01:25
85,205.652,230.405,11.626,2023-09-26 12:02:26
86,238.973,215.683,11.626,2023-09-26 12:03:27
87,199.147,188.571,11.626,2023-09-26 12:04:29
88,244.177,245.515,11.626,2023-09-26 12:05:29
89,230.682,247.975,11.626,2023-09-26 12:06:30
90,233.704,252.213,11.626,2023-09-26 12:07:30
91,228.905,251.018,11.626,2023-09-26 12:08:30
92,220.06,244.623,11.626,2023-09-26 12:09:30
93,233.317,242.895,11.626,2023-09-26 12:10:31
94,220.382,254.964,11.626,2023-09-26 12:11:31
95,237.397,250.936,11.626,2023-09-26 12:12:31
96,239.468,249.202,11.626,2023-09-26 12:13:31
97,239.856,250.531,11.626,2023-09-26 12:14:31
98,203.572,247.209,11.626,2023-09-26 12:15:32
99,224.497,216.675,11.626,2023-09-26 12:16:33
100,234.123,240.508,11.626,2023-09-26 12:17:33
101,208.168,198.689,11.626,2023-09-26 12:18:35
102,179.405,218.924,11.626,2023-09-26 12:19:36
103,230.178,245.366,11.626,2023-09-26 12:20:36
104,247.589,250.189,11.626,2023-09-26 12:21:36
105,215.411,210.601,11.626,2023-09-26 12:22:37
106,315.71,264.724,11.626,2023-09-26 12:23:37
107,282.632,204.04,11.626,2023-09-26 12:24:39
108,0,0,11.626,2023-09-26 12:25:54
109,404.379,206.67,11.626,2023-09-26 12:26:53
110,396.006,263.473,11.626,2023-09-26 12:27:52
111,234.674,246.267,11.626,2023-09-26 12:28:52
112,218.104,243.869,11.626,2023-09-26 12:29:52
113,164.894,211.089,11.626,2023-09-26 12:30:54
114,240.493,210.403,11.626,2023-09-26 12:31:55
115,214.626,225.568,11.626,2023-09-26 12:32:56
116,209.337,239.652,11.626,2023-09-26 12:33:56
117,185.674,228.799,11.626,2023-09-26 12:34:57
118,199.716,236.458,11.626,2023-09-26 12:35:57
119,226.922,237.629,11.626,2023-09-26 12:36:58
120,189.347,204.225,11.626,2023-09-26 12:37:59
121,229.854,185.438,11.626,2023-09-26 12:39:01
122,180.51,239.467,11.626,2023-09-26 12:40:02
123,198.503,244.755,11.626,2023-09-26 12:41:02
124,224.524,234.498,11.626,2023-09-26 12:42:03
125,221.771,223.366,11.626,2023-09-26 12:43:04
126,221.889,244.609,11.626,2023-09-26 12:44:04
127,231.797,232.116,11.626,2023-09-26 12:45:04
128,209.245,245.06,11.626,2023-09-26 12:46:05
129,259.694,239.38,11.626,2023-09-26 12:47:05
130,233.132,233.443,11.626,2023-09-26 12:48:06
131,229.935,236.999,11.626,2023-09-26 12:49:06
132,206.712,229.267,11.626,2023-09-26 12:50:07
133,220.959,242.317,11.626,2023-09-26 12:51:08
134,222.497,232.166,11.626,2023-09-26 12:52:08
135,251.933,239.198,11.626,2023-09-26 12:53:09
136,221.809,247.527,11.626,2023-09-26 12:54:09
137,227.526,242.684,11.626,2023-09-26 12:55:09
138,186.571,237.2,11.626,2023-09-26 12:56:10
139,229.038,254.121,11.626,2023-09-26 12:57:10
140,228.563,247.326,11.626,2023-09-26 12:58:10
141,229.9,252.377,11.626,2023-09-26 12:59:11
142,220.638,210.593,11.626,2023-09-26 13:00:12
143,230.166,216.259,11.626,2023-09-26 13:01:13
144,218.425,222.819,11.626,2023-09-26 13:02:14
145,190.606,242.709,11.626,2023-09-26 13:03:14
146,218.35,248.242,11.626,2023-09-26 13:04:14
147,234.854,242.942,11.626,2023-09-26 13:05:15
148,197.542,218.369,11.626,2023-09-26 13:06:16
149,201.142,247.03,11.626,2023-09-26 13:07:16
150,269.48,253.804,11.626,2023-09-26 13:08:16
151,274.522,238.844,11.626,2023-09-26 13:09:17
152,370.221,258.878,11.626,2023-09-26 13:10:16
153,340.63,259.317,11.626,2023-09-26 13:11:15
154,340.732,264.398,11.626,2023-09-26 13:12:15
155,315.571,256.794,11.626,2023-09-26 13:13:15
156,324.85,256.443,11.626,2023-09-26 13:14:15
157,329.537,259.687,11.626,2023-09-26 13:15:15
158,333.002,258.636,11.626,2023-09-26 13:16:15
159,308.028,236.378,11.626,2023-09-26 13:17:15
160,284.524,239.393,11.626,2023-09-26 13:18:16
161,293.496,215.09,11.626,2023-09-26 13:19:17
162,318.253,239.009,11.626,2023-09-26 13:20:17
163,318.246,241.66,11.626,2023-09-26 13:21:18
164,325.736,264.046,11.626,2023-09-26 13:22:18
165,320.213,270.326,11.626,2023-09-26 13:23:17
166,318.408,254.17,11.626,2023-09-26 13:24:18
167,261.218,195.908,11.626,2023-09-26 13:25:20
168,239.137,248.924,11.626,2023-09-26 13:26:20
169,225.421,75.521,11.626,2023-09-26 13:27:27
170,251.573,241.83,11.626,2023-09-26 13:28:28
171,236.312,234.5,11.626,2023-09-26 13:29:28
172,239.907,245.876,11.626,2023-09-26 13:30:29
173,209.411,221.402,11.626,2023-09-26 13:31:30
174,234.018,233.946,11.626,2023-09-26 13:32:30
175,239.397,251.946,11.626,2023-09-26 13:33:30
176,245.983,253.001,11.626,2023-09-26 13:34:30
177,240.483,246.472,11.626,2023-09-26 13:35:31
178,238.279,247.915,11.626,2023-09-26 13:36:31
179,231.187,244.826,11.626,2023-09-26 13:37:31
180,237.163,242.809,11.626,2023-09-26 13:38:32
181,222.322,243.89,11.626,2023-09-26 13:39:32
182,241.478,239.947,11.626,2023-09-26 13:40:33
183,260.456,168.011,11.626,2023-09-26 13:41:36
184,237.671,241.027,11.626,2023-09-26 13:42:36
185,270.656,241.642,11.626,2023-09-26 13:43:36
186,11.339,0,11.626,2023-09-26 13:44:50
187,598.913,266.72,11.626,2023-09-26 13:45:45
188,632.113,266.774,11.626,2023-09-26 13:46:40
189,256.927,245.799,11.626,2023-09-26 13:47:41
190,263.135,247.017,11.626,2023-09-26 13:48:41
191,243.596,236.776,11.626,2023-09-26 13:49:41
192,237.328,181.527,11.626,2023-09-26 13:50:44
193,255.213,248.419,11.626,2023-09-26 13:51:44
194,247.83,244.25,11.626,2023-09-26 13:52:44
195,235.718,239.612,11.626,2023-09-26 13:53:44
196,234.836,217.512,11.626,2023-09-26 13:54:45
197,236.689,241.387,11.626,2023-09-26 13:55:46
198,230.386,234.588,11.626,2023-09-26 13:56:47
199,247.307,224.486,11.626,2023-09-26 13:57:48
200,255.821,178.055,11.626,2023-09-26 13:58:50
201,250.189,244.188,11.626,2023-09-26 13:59:51
202,229.923,238.68,11.626,2023-09-26 14:00:51
203,281.579,240.959,11.626,2023-09-26 14:01:51
204,222.063,222.339,11.626,2023-09-26 14:02:52
205,244.202,238.396,11.626,2023-09-26 14:03:53
206,248.749,45.735,11.626,2023-09-26 14:05:21
207,195.443,213.671,11.626,2023-09-26 14:06:23
208,223.328,237.665,11.626,2023-09-26 14:07:23
209,266.186,244.382,11.626,2023-09-26 14:08:24
210,251.196,233.555,11.626,2023-09-26 14:09:24
211,231.294,208.484,11.626,2023-09-26 14:10:25
212,244.996,239.768,11.626,2023-09-26 14:11:26
213,259.91,241.603,11.626,2023-09-26 14:12:26
214,259.587,245.278,11.626,2023-09-26 14:13:27
215,279.459,244.187,11.626,2023-09-26 14:14:27
216,262.069,227.642,11.626,2023-09-26 14:15:28
217,242.902,241.232,11.626,2023-09-26 14:16:28
218,248.352,232.934,11.626,2023-09-26 14:17:29
219,240.192,245.372,11.626,2023-09-26 14:18:29
220,211.397,26.463,11.626,2023-09-26 14:19:58
221,638.949,263.44,11.626,2023-09-26 14:20:53
222,609.936,264.376,11.626,2023-09-26 14:21:49
223,246.564,241.41,11.626,2023-09-26 14:22:49
224,258.768,245.644,11.626,2023-09-26 14:23:49
225,256.324,239.563,11.626,2023-09-26 14:24:50
226,259.633,245.478,11.626,2023-09-26 14:25:50
227,268.406,243.879,11.626,2023-09-26 14:26:50
228,252.355,241.559,11.626,2023-09-26 14:27:51
229,261.237,240.498,11.626,2023-09-26 14:28:51
230,265.483,242.183,11.626,2023-09-26 14:29:52
231,251.46,227.294,11.626,2023-09-26 14:30:52
232,263.417,246.7,11.626,2023-09-26 14:31:53
233,208.811,245.142,11.626,2023-09-26 14:32:53
234,263.721,242.113,11.626,2023-09-26 14:33:53
235,265.997,239.562,11.626,2023-09-26 14:34:54
236,237.776,250.112,11.626,2023-09-26 14:35:54
237,243.272,241.573,11.626,2023-09-26 14:36:54
238,228.85,242.017,11.626,2023-09-26 14:37:55
239,267.769,245.815,11.626,2023-09-26 14:38:55
240,243.502,248.267,11.626,2023-09-26 14:39:55
241,265.29,247.582,11.626,2023-09-26 14:40:56
242,273.039,251.397,11.626,2023-09-26 14:41:56
243,242.165,242.366,11.626,2023-09-26 14:42:56
244,228.272,243.332,11.626,2023-09-26 14:43:57
245,255.268,240.534,11.626,2023-09-26 14:44:57
246,259.099,245.135,11.626,2023-09-26 14:45:57
247,247.623,241.781,11.626,2023-09-26 14:46:58
248,251.614,237.667,11.626,2023-09-26 14:47:58
249,268.566,246.706,11.626,2023-09-26 14:48:59
250,252.308,242.039,11.626,2023-09-26 14:49:59
251,273.714,242.302,11.626,2023-09-26 14:50:59
252,267.34,246.968,11.626,2023-09-26 14:52:00
253,270.219,245.697,11.626,2023-09-26 14:53:00
254,256.752,236.837,11.626,2023-09-26 14:54:01
255,235.038,222.102,11.626,2023-09-26 14:55:02
256,246.717,248.589,11.626,2023-09-26 14:56:02
257,264.269,239.734,11.626,2023-09-26 14:57:02
258,204.142,235.505,11.626,2023-09-26 14:58:03
259,240.14,247.587,11.626,2023-09-26 14:59:03
260,250.56,238.351,11.626,2023-09-26 15:00:04
261,236.944,239.41,11.626,2023-09-26 15:01:04
262,192.922,231.368,11.626,2023-09-26 15:02:05
263,243.79,212.373,11.626,2023-09-26 15:03:06
264,239.629,217.17,11.626,2023-09-26 15:04:07
265,258.949,237.599,11.626,2023-09-26 15:05:08
266,252.112,201.258,11.626,2023-09-26 15:06:09
267,252.592,242.469,11.626,2023-09-26 15:07:10
268,294.211,249.699,11.626,2023-09-26 15:08:10
269,269.237,243.492,11.626,2023-09-26 15:09:10
270,297.538,241.843,11.626,2023-09-26 15:10:11
271,289.354,240.1,11.626,2023-09-26 15:11:11
272,236.932,248.819,11.626,2023-09-26 15:12:11
273,277.049,245.051,11.626,2023-09-26 15:13:12
274,272.732,245.043,11.626,2023-09-26 15:14:12
275,154.534,144.825,11.626,2023-09-26 15:15:16
276,266.78,241.759,11.626,2023-09-26 15:16:16
277,201.655,235.403,11.626,2023-09-26 15:17:17
278,195.041,154.295,11.626,2023-09-26 15:18:20
279,272.298,236.118,11.626,2023-09-26 15:19:20
280,251.165,239.44,11.626,2023-09-26 15:20:21
281,259.536,235.39,11.626,2023-09-26 15:21:21
282,264.365,238.845,11.626,2023-09-26 15:22:22
283,272.947,243.752,11.626,2023-09-26 15:23:22
284,266.951,238.278,11.626,2023-09-26 15:24:23
285,253.787,234.12,11.626,2023-09-26 15:25:23
286,400.983,262.063,11.626,2023-09-26 15:26:21
287,258.783,250.687,11.626,2023-09-26 15:27:21
288,391.859,259.471,11.626,2023-09-26 15:28:20
289,669.438,227.071,11.626,2023-09-26 15:29:16
290,239.305,245.011,11.626,2023-09-26 15:30:16
291,190.537,241.322,11.626,2023-09-26 15:31:16
292,260.268,244.284,11.626,2023-09-26 15:32:17
293,263.353,245.668,11.626,2023-09-26 15:33:17
294,250.775,220.851,11.626,2023-09-26 15:34:18
295,250.729,244.992,11.626,2023-09-26 15:35:18
296,243.207,240.598,11.626,2023-09-26 15:36:19
297,240.212,239.095,11.626,2023-09-26 15:37:19
298,257.211,245.207,11.626,2023-09-26 15:38:19
299,258.118,245.177,11.626,2023-09-26 15:39:20
300,235.178,245.752,11.626,2023-09-26 15:40:20
301,251.885,206.824,11.626,2023-09-26 15:41:22
302,250.908,238.787,11.626,2023-09-26 15:42:22
303,249.431,236.805,11.626,2023-09-26 15:43:23
304,249.16,240.237,11.626,2023-09-26 15:44:23
305,255.392,241.404,11.626,2023-09-26 15:45:23
306,235.52,237.693,11.626,2023-09-26 15:46:24
307,288.779,240.913,11.626,2023-09-26 15:47:24
308,239.716,237.331,11.626,2023-09-26 15:48:25
309,250.335,243.91,11.626,2023-09-26 15:49:25
310,253.18,246.058,11.626,2023-09-26 15:50:26
311,240.69,234.75,11.626,2023-09-26 15:51:26
312,286.728,246.33,11.626,2023-09-26 15:52:26
313,270.484,246.065,11.626,2023-09-26 15:53:27
314,256.35,238.202,11.626,2023-09-26 15:54:27
315,184.153,180.61,11.626,2023-09-26 15:55:29
316,182.96,30.478,11.626,2023-09-26 15:56:55
317,609.179,264.55,11.626,2023-09-26 15:57:51
318,656.669,266.159,11.626,2023-09-26 15:58:46
319,629.403,264.022,11.626,2023-09-26 15:59:41
320,596.36,264.645,11.626,2023-09-26 16:00:36
321,612.459,202.69,11.626,2023-09-26 16:01:33
322,667.404,266.301,11.626,2023-09-26 16:02:28
323,640.147,263.144,11.626,2023-09-26 16:03:23
324,641.282,266.171,11.626,2023-09-26 16:04:18
325,631.103,265.387,11.626,2023-09-26 16:05:13
326,558.362,262.176,11.626,2023-09-26 16:06:09
327,668.292,265.859,11.626,2023-09-26 16:07:04
328,654.141,259.967,11.626,2023-09-26 16:07:59
329,665.23,265.447,11.626,2023-09-26 16:08:54
330,600.139,266.831,11.626,2023-09-26 16:09:49
331,661.954,264.329,11.626,2023-09-26 16:10:44
332,619.133,267.086,11.626,2023-09-26 16:11:40
333,685.829,264.353,11.626,2023-09-26 16:12:34
334,649.201,265.521,11.626,2023-09-26 16:13:29
335,640.437,265.953,11.626,2023-09-26 16:14:24
336,747.159,266.024,11.626,2023-09-26 16:15:19
337,653.542,262.292,11.626,2023-09-26 16:16:14
338,715.007,265.518,11.626,2023-09-26 16:17:08
339,619.169,265.796,11.626,2023-09-26 16:18:03
340,683.36,261.74,11.626,2023-09-26 16:18:58
341,617.531,264.502,11.626,2023-09-26 16:19:53
342,614.627,266.592,11.626,2023-09-26 16:20:49
343,228.368,191.255,11.626,2023-09-26 16:21:50
344,245.073,241.354,11.626,2023-09-26 16:22:51
345,260.492,238.984,11.626,2023-09-26 16:23:51
346,247.203,245.228,11.626,2023-09-26 16:24:52
347,264.464,242.365,11.626,2023-09-26 16:25:52
348,274.368,69.953,11.626,2023-09-26 16:27:20
349,557.159,264.449,11.626,2023-09-26 16:28:16
350,583.876,205.199,11.626,2023-09-26 16:29:13
351,254.024,244.57,11.626,2023-09-26 16:30:14
352,263.175,246.751,11.626,2023-09-26 16:31:14
353,260.929,244.323,11.626,2023-09-26 16:32:14
354,250.729,239.167,11.626,2023-09-26 16:33:15
355,274.59,240.765,11.626,2023-09-26 16:34:15
356,288.797,246.787,11.626,2023-09-26 16:35:15
357,264.886,245.018,11.626,2023-09-26 16:36:16
358,277.891,246.303,11.626,2023-09-26 16:37:16
359,266.077,243.332,11.626,2023-09-26 16:38:16
360,238.066,222.699,11.626,2023-09-26 16:39:17
361,191.415,209.514,11.626,2023-09-26 16:40:18
362,274.722,242.463,11.626,2023-09-26 16:41:19
363,245.074,225.049,11.626,2023-09-26 16:42:19
364,246.046,238.819,11.626,2023-09-26 16:43:20
365,249.448,241.445,11.626,2023-09-26 16:44:20
366,240.871,243.286,11.626,2023-09-26 16:45:21
367,275.396,235.83,11.626,2023-09-26 16:46:21
368,260.899,227.698,11.626,2023-09-26 16:47:22
369,258.906,246.325,11.626,2023-09-26 16:48:23
370,250.188,246.85,11.626,2023-09-26 16:49:23
371,183.345,232.861,11.626,2023-09-26 16:50:24
372,234.391,248.861,11.626,2023-09-26 16:51:24
373,207.189,215.64,11.626,2023-09-26 16:52:25
374,260.181,236.392,11.626,2023-09-26 16:53:25
375,251.415,249.764,11.626,2023-09-26 16:54:26
376,274.108,232.275,11.626,2023-09-26 16:55:26
377,246.89,240.055,11.626,2023-09-26 16:56:26
378,256.854,247.225,11.626,2023-09-26 16:57:27
379,253.844,242.122,11.626,2023-09-26 16:58:27
380,260.206,247.516,11.626,2023-09-26 16:59:27
381,322.98,237.593,11.626,2023-09-26 17:00:28
382,210.88,226.385,11.626,2023-09-26 17:01:29
383,237.056,31.967,11.626,2023-09-26 17:02:58
384,594.718,265.249,11.626,2023-09-26 17:03:53
385,189.322,190.432,11.626,2023-09-26 17:04:55
386,209.744,210.746,11.626,2023-09-26 17:05:56
387,198.371,195.703,11.626,2023-09-26 17:06:58
388,202.865,223.021,11.626,2023-09-26 17:07:59
389,238.852,242.654,11.626,2023-09-26 17:08:59
390,264.319,245.329,11.626,2023-09-26 17:10:00
391,297.078,202.947,11.626,2023-09-26 17:11:01
392,229.732,235.307,11.626,2023-09-26 17:12:02
393,256.659,243.308,11.626,2023-09-26 17:13:02
394,290.644,243.5,11.626,2023-09-26 17:14:02
395,267.237,236.654,11.626,2023-09-26 17:15:03
396,256.243,236.582,11.626,2023-09-26 17:16:03
397,270.583,239.519,11.626,2023-09-26 17:17:04
398,253.304,238.533,11.626,2023-09-26 17:18:04
399,281.419,236.06,11.626,2023-09-26 17:19:05
400,267.038,245.419,11.626,2023-09-26 17:20:05
401,251.678,242.68,11.626,2023-09-26 17:21:05
402,253.391,241.057,11.626,2023-09-26 17:22:06
403,264.906,245.971,11.626,2023-09-26 17:23:06
404,286.156,245.058,11.626,2023-09-26 17:24:06
405,288.326,245.46,11.626,2023-09-26 17:25:07
406,252.891,248.103,11.626,2023-09-26 17:26:07
407,244.996,236.129,11.626,2023-09-26 17:27:08
408,259.414,241.447,11.626,2023-09-26 17:28:08
409,245.082,245.011,11.626,2023-09-26 17:29:08
410,245.549,238.181,11.626,2023-09-26 17:30:09
411,251.526,242.388,11.626,2023-09-26 17:31:09
412,210.988,223.018,11.626,2023-09-26 17:32:10
413,262.615,237.244,11.626,2023-09-26 17:33:11
414,270.879,242.446,11.626,2023-09-26 17:34:11
415,220.348,212.679,11.626,2023-09-26 17:35:12
416,236.609,75.542,11.626,2023-09-26 17:36:42
417,228.254,239.829,11.626,2023-09-26 17:37:43
418,258.192,245.642,11.626,2023-09-26 17:38:43
419,274.238,245.216,11.626,2023-09-26 17:39:43
420,287.595,241.144,11.626,2023-09-26 17:40:43
421,192.274,210.2,11.626,2023-09-26 17:41:45
422,283,241.815,11.626,2023-09-26 17:42:45
423,274.944,244.648,11.626,2023-09-26 17:43:45
424,252.459,241.481,11.626,2023-09-26 17:44:46
425,239.656,239.601,11.626,2023-09-26 17:45:46
426,268.061,248.117,11.626,2023-09-26 17:46:46
427,263.82,250.555,11.626,2023-09-26 17:47:47
428,200.046,170.771,11.626,2023-09-26 17:48:49
429,208.371,221.878,11.626,2023-09-26 17:49:50
430,297.164,226.354,11.626,2023-09-26 17:50:51
431,265.749,243.163,11.626,2023-09-26 17:51:51
432,278.462,248.083,11.626,2023-09-26 17:52:51
433,251.557,241.92,11.626,2023-09-26 17:53:52
434,275.584,236.202,11.626,2023-09-26 17:54:52
435,165.597,212.288,11.626,2023-09-26 17:55:54
436,275.994,214.645,11.626,2023-09-26 17:56:55
437,243.56,244.034,11.626,2023-09-26 17:57:55
438,259.764,242.374,11.626,2023-09-26 17:58:55
439,278.673,233.008,11.626,2023-09-26 17:59:56
440,266.168,240.961,11.626,2023-09-26 18:00:56
441,252.803,245.275,11.626,2023-09-26 18:01:57
442,290.134,241.129,11.626,2023-09-26 18:02:57
443,254.674,244.33,11.626,2023-09-26 18:03:57
444,240.886,246.543,11.626,2023-09-26 18:04:58
445,288.868,244.781,11.626,2023-09-26 18:05:58
446,267.821,240.045,11.626,2023-09-26 18:06:58
447,224.827,37.639,11.626,2023-09-26 18:08:28
448,240.893,241.647,11.626,2023-09-26 18:09:29
449,258.374,244.536,11.626,2023-09-26 18:10:29
450,275.107,244.146,11.626,2023-09-26 18:11:30
451,253.483,244.909,11.626,2023-09-26 18:12:30
452,229.979,241.115,11.626,2023-09-26 18:13:30
453,247.704,245.865,11.626,2023-09-26 18:14:31
454,271.385,241.137,11.626,2023-09-26 18:15:31
455,288.797,248.324,11.626,2023-09-26 18:16:31
456,263.456,240.852,11.626,2023-09-26 18:17:32
457,243.259,245.342,11.626,2023-09-26 18:18:32
458,209.176,186.812,11.626,2023-09-26 18:19:35
459,270.006,240.224,11.626,2023-09-26 18:20:35
460,276.744,244.677,11.626,2023-09-26 18:21:35
461,275.065,248.516,11.626,2023-09-26 18:22:36
462,240.994,246.504,11.626,2023-09-26 18:23:36
463,247.799,241.229,11.626,2023-09-26 18:24:36
464,223.932,222.35,11.626,2023-09-26 18:25:37
465,260.127,248.472,11.626,2023-09-26 18:26:37
466,300.854,246.039,11.626,2023-09-26 18:27:38
467,253.107,243.279,11.626,2023-09-26 18:28:38
468,313.717,247.597,11.626,2023-09-26 18:29:38
469,293.44,241.587,11.626,2023-09-26 18:30:39
470,248.844,246.453,11.626,2023-09-26 18:31:39
471,248.778,243.608,11.626,2023-09-26 18:32:39
472,253.557,245.261,11.626,2023-09-26 18:33:40
473,263.035,251.254,11.626,2023-09-26 18:34:40
474,234.231,242.87,11.626,2023-09-26 18:35:40
475,255.571,248.12,11.626,2023-09-26 18:36:40
476,603.166,267.516,11.626,2023-09-26 18:37:36
477,558.992,264.015,11.626,2023-09-26 18:38:32
478,643.082,266.413,11.626,2023-09-26 18:39:27
479,597.186,266.126,11.626,2023-09-26 18:40:22
480,561.577,267.247,11.626,2023-09-26 18:41:18
481,642.392,267.107,11.626,2023-09-26 18:42:13
482,740.978,266.827,11.626,2023-09-26 18:43:07
483,589.958,267.695,11.626,2023-09-26 18:44:02
484,195.781,224.912,11.626,2023-09-26 18:45:03
485,165.743,183.13,11.626,2023-09-26 18:46:06
486,86.91,0,11.626,2023-09-26 18:47:28
487,707.525,263.461,11.626,2023-09-26 18:48:23
488,718.92,262.031,11.626,2023-09-26 18:49:17
489,739.557,264.13,11.626,2023-09-26 18:50:11
490,732.289,263.133,11.626,2023-09-26 18:51:06
491,422.781,211.253,11.626,2023-09-26 18:52:05
492,272.122,241.549,11.626,2023-09-26 18:53:05
493,252.277,246.444,11.626,2023-09-26 18:54:06
494,273.024,246.369,11.626,2023-09-26 18:55:06
495,250.511,239.353,11.626,2023-09-26 18:56:06
496,275.723,243.845,11.626,2023-09-26 18:57:07
497,235.093,183.722,11.626,2023-09-26 18:58:09
498,223.959,208.552,11.626,2023-09-26 18:59:10
499,234.023,201.902,11.626,2023-09-26 19:00:12
500,219.887,183.356,11.626,2023-09-26 19:01:14
501,215.251,168.459,11.626,2023-09-26 19:02:17
502,227.838,228.236,11.626,2023-09-26 19:03:17
503,248.062,218.674,11.626,2023-09-26 19:04:19
504,271.271,243.429,11.626,2023-09-26 19:05:19
505,230.638,230.026,11.626,2023-09-26 19:06:20
506,327.574,255.253,11.626,2023-09-26 19:07:20
507,365.162,259.07,11.626,2023-09-26 19:08:19
508,611.996,265.636,11.626,2023-09-26 19:09:14
509,672.861,263.103,11.626,2023-09-26 19:10:09
510,509.224,256.889,11.626,2023-09-26 19:11:05
511,553.541,265.837,11.626,2023-09-26 19:12:01
512,581.514,265.481,11.626,2023-09-26 19:12:57
513,596.444,264.438,11.626,2023-09-26 19:13:52
514,617.216,263.827,11.626,2023-09-26 19:14:48
515,532.196,266.028,11.626,2023-09-26 19:15:44
516,491.913,267.629,11.626,2023-09-26 19:16:40
517,492.127,268.074,11.626,2023-09-26 19:17:37
518,618.462,265.142,11.626,2023-09-26 19:18:32
519,629.443,267.465,11.626,2023-09-26 19:19:27
520,639.859,265.46,11.626,2023-09-26 19:20:22
521,668.061,266.69,11.626,2023-09-26 19:21:17
522,722.556,266.552,11.626,2023-09-26 19:22:11
523,596.222,259.712,11.626,2023-09-26 19:23:07
524,643.041,266.712,11.626,2023-09-26 19:24:02
525,591.019,265.014,11.626,2023-09-26 19:24:57
526,247.773,245.966,11.626,2023-09-26 19:25:58
527,255.777,247.838,11.626,2023-09-26 19:26:58
528,266.262,246.108,11.626,2023-09-26 19:27:58
529,251.488,238.908,11.626,2023-09-26 19:28:59
530,243.042,239.652,11.626,2023-09-26 19:29:59
531,263.278,244.442,11.626,2023-09-26 19:30:59
532,275.592,247.73,11.626,2023-09-26 19:32:00
533,250.869,245.371,11.626,2023-09-26 19:33:00
534,277.772,241.602,11.626,2023-09-26 19:34:01
535,250.07,242.425,11.626,2023-09-26 19:35:01
536,287.895,242.439,11.626,2023-09-26 19:36:01
537,213.59,243.421,11.626,2023-09-26 19:37:02
538,277.064,239.49,11.626,2023-09-26 19:38:02
539,263.195,242.767,11.626,2023-09-26 19:39:02
540,255.895,244.528,11.626,2023-09-26 19:40:03
541,283.845,245.341,11.626,2023-09-26 19:41:03
542,264.87,246.057,11.626,2023-09-26 19:42:03
543,260.031,244.732,11.626,2023-09-26 19:43:04
544,228.234,243.241,11.626,2023-09-26 19:44:04
545,280.966,250.261,11.626,2023-09-26 19:45:05
546,267.766,246.559,11.626,2023-09-26 19:46:05
547,245.098,243.733,11.626,2023-09-26 19:47:05
548,255.248,245.814,11.626,2023-09-26 19:48:05
549,249.024,250.15,11.626,2023-09-26 19:49:06
550,248.097,246.215,11.626,2023-09-26 19:50:06
551,293.561,234.742,11.626,2023-09-26 19:51:07
552,264.345,242.134,11.626,2023-09-26 19:52:07
553,257.15,243.067,11.626,2023-09-26 19:53:07
554,272.254,244.888,11.626,2023-09-26 19:54:08
555,259.03,241.462,11.626,2023-09-26 19:55:08
556,255.737,237.765,11.626,2023-09-26 19:56:08
557,268.355,245.73,11.626,2023-09-26 19:57:09
558,281.127,245.974,11.626,2023-09-26 19:58:09
559,258.336,245.564,11.626,2023-09-26 19:59:09
560,259.701,246.654,11.626,2023-09-26 20:00:10
561,261.068,243.908,11.626,2023-09-26 20:01:10
562,277.25,248.837,11.626,2023-09-26 20:02:11
563,252.604,246.608,11.626,2023-09-26 20:03:11
564,247.883,244.205,11.626,2023-09-26 20:04:11
565,248.754,245.265,11.626,2023-09-26 20:05:11
566,276.467,242.028,11.626,2023-09-26 20:06:12
567,276.365,246.102,11.626,2023-09-26 20:07:12
568,254.804,241.572,11.626,2023-09-26 20:08:12
569,247.777,246.909,11.626,2023-09-26 20:09:13
570,229.847,245.254,11.626,2023-09-26 20:10:13
571,249.827,248.491,11.626,2023-09-26 20:11:14
572,279.889,242.571,11.626,2023-09-26 20:12:14
573,268.765,244.443,11.626,2023-09-26 20:13:14
574,254.167,242.868,11.626,2023-09-26 20:14:15
575,257.39,246.446,11.626,2023-09-26 20:15:15
576,267.993,242.241,11.626,2023-09-26 20:16:16
577,251.095,245.869,11.626,2023-09-26 20:17:16
578,287.569,237.561,11.626,2023-09-26 20:18:16
579,275.433,241.676,11.626,2023-09-26 20:19:17
580,270.864,245.113,11.626,2023-09-26 20:20:17
581,292.934,243.978,11.626,2023-09-26 20:21:17
582,282.291,240.844,11.626,2023-09-26 20:22:18
583,249.653,241.673,11.626,2023-09-26 20:23:18
584,284.481,241.004,11.626,2023-09-26 20:24:19
585,272.418,221.406,11.626,2023-09-26 20:25:20
586,247.111,242.372,11.626,2023-09-26 20:26:20
587,257.211,230.528,11.626,2023-09-26 20:27:21
588,243.919,247.442,11.626,2023-09-26 20:28:21
589,246.006,249.688,11.626,2023-09-26 20:29:22
590,295.779,245.956,11.626,2023-09-26 20:30:22
591,271.01,248.104,11.626,2023-09-26 20:31:22
592,288.112,247.175,11.626,2023-09-26 20:32:23
593,242.101,248.148,11.626,2023-09-26 20:33:23
594,249.548,254.234,11.626,2023-09-26 20:34:23
595,262.255,247.832,11.626,2023-09-26 20:35:23
596,248.631,215.778,11.626,2023-09-26 20:36:24
597,261.302,243.372,11.626,2023-09-26 20:37:25
598,282.583,251.562,11.626,2023-09-26 20:38:25
599,274.736,251.261,11.626,2023-09-26 20:39:25
600,258.766,245.707,11.626,2023-09-26 20:40:26
601,266.66,242.274,11.626,2023-09-26 20:41:26
602,238.473,245.21,11.626,2023-09-26 20:42:26
603,245.039,229.557,11.626,2023-09-26 20:43:27
604,270.37,249.076,11.626,2023-09-26 20:44:27
605,275.086,243.46,11.626,2023-09-26 20:45:27
606,284.462,247.159,11.626,2023-09-26 20:46:28
607,288.774,250.232,11.626,2023-09-26 20:47:28
608,272.82,246.283,11.626,2023-09-26 20:48:28
609,271.837,249.939,11.626,2023-09-26 20:49:29
610,260.077,251.532,11.626,2023-09-26 20:50:29
611,266.113,253.249,11.626,2023-09-26 20:51:29
612,242.248,244.774,11.626,2023-09-26 20:52:29
613,247.156,244.882,11.626,2023-09-26 20:53:30
614,273.808,247.081,11.626,2023-09-26 20:54:30
615,245.729,243.425,11.626,2023-09-26 20:55:30
616,257.172,246.626,11.626,2023-09-26 20:56:31
617,260.093,245.793,11.626,2023-09-26 20:57:31
618,265.248,241.741,11.626,2023-09-26 20:58:31
619,232.643,238.863,11.626,2023-09-26 20:59:32
620,252.665,246.674,11.626,2023-09-26 21:00:32
621,269.089,244.505,11.626,2023-09-26 21:01:33
622,249.627,248.814,11.626,2023-09-26 21:02:33
623,291.654,251.487,11.626,2023-09-26 21:03:33
624,253.48,248.912,11.626,2023-09-26 21:04:33
625,279.269,246.547,11.626,2023-09-26 21:05:34
626,250.179,248.61,11.626,2023-09-26 21:06:34
627,270.351,244.795,11.626,2023-09-26 21:07:34
628,270.661,247.429,11.626,2023-09-26 21:08:34
629,239.129,237.659,11.626,2023-09-26 21:09:35
630,262.205,244.183,11.626,2023-09-26 21:10:35
631,265.068,245.585,11.626,2023-09-26 21:11:36
632,262.237,249.873,11.626,2023-09-26 21:12:36
633,253.222,249.512,11.626,2023-09-26 21:13:36
634,267.588,236.54,11.626,2023-09-26 21:14:37
635,268.041,249.074,11.626,2023-09-26 21:15:37
636,282.177,244.986,11.626,2023-09-26 21:16:37
637,261.586,249.768,11.626,2023-09-26 21:17:37
638,256.114,242.893,11.626,2023-09-26 21:18:38
639,237.772,34.322,11.626,2023-09-26 21:20:02
640,582.217,266.189,11.626,2023-09-26 21:20:57
641,638.004,259.395,11.626,2023-09-26 21:21:53
642,509.706,264.247,11.626,2023-09-26 21:22:49
643,547.241,263.228,11.626,2023-09-26 21:23:45
644,514.655,264.834,11.626,2023-09-26 21:24:41
645,580.012,264.235,11.626,2023-09-26 21:25:37
646,627.117,264.019,11.626,2023-09-26 21:26:32
647,574.7,263.386,11.626,2023-09-26 21:27:28
648,655.87,264.916,11.626,2023-09-26 21:28:23
649,614.536,264.329,11.626,2023-09-26 21:29:18
650,480.831,262.809,11.626,2023-09-26 21:30:15
651,724.349,264.163,11.626,2023-09-26 21:31:09
652,438.662,264.496,11.626,2023-09-26 21:32:07
653,680.378,264.887,11.626,2023-09-26 21:33:02
654,667.63,264.18,11.626,2023-09-26 21:33:57
655,639.963,264.936,11.626,2023-09-26 21:34:52
656,507.119,268.522,11.626,2023-09-26 21:35:48
657,619.295,265.763,11.626,2023-09-26 21:36:43
658,619.041,266.022,11.626,2023-09-26 21:37:39
659,605.147,267.76,11.626,2023-09-26 21:38:34
660,620.068,264.71,11.626,2023-09-26 21:39:29
661,534.876,265.73,11.626,2023-09-26 21:40:25
662,577.41,263.234,11.626,2023-09-26 21:41:21
663,548.773,265.868,11.626,2023-09-26 21:42:17
664,576.718,260.854,11.626,2023-09-26 21:43:12
665,588.541,266.225,11.626,2023-09-26 21:44:08
666,501.991,264.38,11.626,2023-09-26 21:45:04
667,638.795,264.37,11.626,2023-09-26 21:45:59
668,651.048,263.906,11.626,2023-09-26 21:46:54
669,532.899,265.664,11.626,2023-09-26 21:47:51
670,642.836,266.746,11.626,2023-09-26 21:48:46
671,604.309,263.75,11.626,2023-09-26 21:49:41
672,522.712,266.005,11.626,2023-09-26 21:50:37
673,571.528,267.866,11.626,2023-09-26 21:51:33
674,634.897,266.536,11.626,2023-09-26 21:52:28
675,631.97,265.644,11.626,2023-09-26 21:53:23
676,564.464,266.61,11.626,2023-09-26 21:54:19
677,633.864,265.641,11.626,2023-09-26 21:55:14
678,649.264,266.974,11.626,2023-09-26 21:56:09
679,590.58,267.295,11.626,2023-09-26 21:57:04
680,623.915,266.446,11.626,2023-09-26 21:57:59
681,548.7,267.006,11.626,2023-09-26 21:58:55
682,650.022,265.01,11.626,2023-09-26 21:59:50
683,629.349,267.294,11.626,2023-09-26 22:00:45
684,619.457,265.322,11.626,2023-09-26 22:01:40
685,610.723,267.793,11.626,2023-09-26 22:02:36
686,568.113,267.744,11.626,2023-09-26 22:03:31
687,631.148,267.253,11.626,2023-09-26 22:04:27
688,654.221,266.761,11.626,2023-09-26 22:05:22
689,658.189,265.155,11.626,2023-09-26 22:06:16
690,649.445,267.178,11.626,2023-09-26 22:07:11
691,648.884,265.227,11.626,2023-09-26 22:08:06
692,646.976,265.762,11.626,2023-09-26 22:09:01
693,658.004,268.264,11.626,2023-09-26 22:09:56
694,697.023,266.195,11.626,2023-09-26 22:10:51
695,544.626,266.89,11.626,2023-09-26 22:11:47
696,586.121,265.194,11.626,2023-09-26 22:12:42
697,610.244,268.972,11.626,2023-09-26 22:13:38
698,670.654,266.647,11.626,2023-09-26 22:14:32
699,600.145,266.924,11.626,2023-09-26 22:15:28
700,624.727,265.785,11.626,2023-09-26 22:16:23
701,684.821,268.479,11.626,2023-09-26 22:17:18
702,572.291,266.838,11.626,2023-09-26 22:18:13
703,504.086,267.462,11.626,2023-09-26 22:19:10
704,601.295,266.792,11.626,2023-09-26 22:20:05
705,744.228,264.894,11.626,2023-09-26 22:20:59
706,631.726,267.288,11.626,2023-09-26 22:21:54
707,700.526,265.003,11.626,2023-09-26 22:22:49
708,538.008,267.682,11.626,2023-09-26 22:23:45
709,628.75,264.911,11.626,2023-09-26 22:24:40
710,588.511,266.76,11.626,2023-09-26 22:25:36
711,713.376,263.871,11.626,2023-09-26 22:26:30
712,657.181,265.591,11.626,2023-09-26 22:27:25
713,647.702,264.845,11.626,2023-09-26 22:28:20
714,640.112,264.378,11.626,2023-09-26 22:29:15
715,634.574,265.847,11.626,2023-09-26 22:30:11
716,585.999,267.261,11.626,2023-09-26 22:31:06
717,560.859,266.661,11.626,2023-09-26 22:32:02
718,581.229,264.7,11.626,2023-09-26 22:32:57
719,732.053,267.406,11.626,2023-09-26 22:33:52
720,612.798,266.22,11.626,2023-09-26 22:34:47
721,582.138,267.508,11.626,2023-09-26 22:35:43
722,641.221,265.971,11.626,2023-09-26 22:36:38
723,629.818,267.847,11.626,2023-09-26 22:37:33
724,621.745,267.105,11.626,2023-09-26 22:38:28
725,626.947,266.832,11.626,2023-09-26 22:39:23
726,621.043,265.821,11.626,2023-09-26 22:40:18
727,508.066,268.051,11.626,2023-09-26 22:41:14
728,394.523,265.205,11.626,2023-09-26 22:42:13
729,370.133,265.821,11.626,2023-09-26 22:43:12
730,537.779,245.133,11.626,2023-09-26 22:44:08
731,679.75,219.818,11.626,2023-09-26 22:45:04
732,667.474,266.111,11.626,2023-09-26 22:45:58
733,586.535,267.363,11.626,2023-09-26 22:46:54
734,578.305,266.722,11.626,2023-09-26 22:47:49
735,514.298,264.551,11.626,2023-09-26 22:48:46
736,622.472,264.243,11.626,2023-09-26 22:49:41
737,656.689,268.513,11.626,2023-09-26 22:50:36
738,578.858,266.254,11.626,2023-09-26 22:51:31
739,627.627,266.423,11.626,2023-09-26 22:52:27
740,606.134,265.634,11.626,2023-09-26 22:53:22
741,662.628,264.269,11.626,2023-09-26 22:54:17
742,417.415,268.176,11.626,2023-09-26 22:55:15
743,401.944,266.86,11.626,2023-09-26 22:56:13
744,373.229,265.052,11.626,2023-09-26 22:57:11
745,568.665,223.29,11.626,2023-09-26 22:58:08
746,578.247,209.355,11.626,2023-09-26 22:59:05
747,660.48,265.591,11.626,2023-09-26 23:00:00
748,713.472,254.29,11.626,2023-09-26 23:00:54
749,679.627,265.662,11.626,2023-09-26 23:01:49
750,763.03,266.983,11.626,2023-09-26 23:02:43
751,711.818,267.715,11.626,2023-09-26 23:03:38
752,667.944,265.285,11.626,2023-09-26 23:04:33
753,642.794,265.682,11.626,2023-09-26 23:05:28
754,636.903,267.036,11.626,2023-09-26 23:06:23
755,604.495,267.602,11.626,2023-09-26 23:07:18
756,601.705,266.81,11.626,2023-09-26 23:08:13
757,389.455,265.076,11.626,2023-09-26 23:09:12
758,477.445,245.993,11.626,2023-09-26 23:10:09
759,581.62,210.22,11.626,2023-09-26 23:11:06
760,674.782,267.036,11.626,2023-09-26 23:12:00
761,653.152,265.27,11.626,2023-09-26 23:12:55
762,717.932,267.73,11.626,2023-09-26 23:13:50
763,654.191,264.988,11.626,2023-09-26 23:14:45
764,683.357,268.572,11.626,2023-09-26 23:15:39
765,578.653,265.809,11.626,2023-09-26 23:16:35
766,586.177,268.212,11.626,2023-09-26 23:17:31
767,644.152,265.731,11.626,2023-09-26 23:18:25
768,660.918,268.866,11.626,2023-09-26 23:19:20
769,616.843,264.369,11.626,2023-09-26 23:20:16
770,400.428,264.487,11.626,2023-09-26 23:21:14
771,449.392,265.222,11.626,2023-09-26 23:22:11
772,545.074,237.901,11.626,2023-09-26 23:23:07
773,647.688,231.454,11.626,2023-09-26 23:24:03
774,676.952,264.476,11.626,2023-09-26 23:24:58
775,663.021,265.725,11.626,2023-09-26 23:25:53
776,632.56,265.634,11.626,2023-09-26 23:26:48
777,604.107,264.258,11.626,2023-09-26 23:27:43
778,585.336,264.578,11.626,2023-09-26 23:28:39
779,0,259.013,11.626,2023-09-26 23:29:39
780,236.056,244.288,11.626,2023-09-26 23:30:40
781,249.017,244.897,11.626,2023-09-26 23:31:40
782,256.225,239.229,11.626,2023-09-26 23:32:40
783,259.229,242.114,11.626,2023-09-26 23:33:41
784,239.668,242.393,11.626,2023-09-26 23:34:41
785,261.713,241.964,11.626,2023-09-26 23:35:42
786,261.898,248.868,11.626,2023-09-26 23:36:42
787,259.643,245.763,11.626,2023-09-26 23:37:42
788,266.351,249.133,11.626,2023-09-26 23:38:42
789,295.464,236.015,11.626,2023-09-26 23:39:43
790,236.467,245.47,11.626,2023-09-26 23:40:43
791,305.637,242.785,11.626,2023-09-26 23:41:44
792,250.732,250.334,11.626,2023-09-26 23:42:44
793,315.928,242.889,11.626,2023-09-26 23:43:44
794,252.806,240.688,11.626,2023-09-26 23:44:45
795,260.145,243.193,11.626,2023-09-26 23:45:45
796,268.511,243.449,11.626,2023-09-26 23:46:45
797,273.501,244.729,11.626,2023-09-26 23:47:46
798,256.606,239.042,11.626,2023-09-26 23:48:46
799,261.985,246.951,11.626,2023-09-26 23:49:47
800,270.649,246.989,11.626,2023-09-26 23:50:47
801,258.519,243.097,11.626,2023-09-26 23:51:47
802,257.852,246.501,11.626,2023-09-26 23:52:48
803,271.478,231.561,11.626,2023-09-26 23:53:48
804,290.223,235.708,11.626,2023-09-26 23:54:49
805,260.077,245.893,11.626,2023-09-26 23:55:49
806,276.509,244.712,11.626,2023-09-26 23:56:50
807,302.19,244.626,11.626,2023-09-26 23:57:50
808,258.473,243.56,11.626,2023-09-26 23:58:50
809,253.288,244.465,11.626,2023-09-26 23:59:51
810,291.813,240.836,11.626,2023-09-27 00:00:51
811,283.326,239.851,11.626,2023-09-27 00:01:51
812,290.4,253.133,11.626,2023-09-27 00:02:52
813,253.623,244.163,11.626,2023-09-27 00:03:52
814,261.059,241.691,11.626,2023-09-27 00:04:52
815,255.572,246.206,11.626,2023-09-27 00:05:53
816,249.755,244.313,11.626,2023-09-27 00:06:53
817,252.861,241.432,11.626,2023-09-27 00:07:53
818,249.228,248.993,11.626,2023-09-27 00:08:54
819,278.616,243.792,11.626,2023-09-27 00:09:54
820,272.76,247.077,11.626,2023-09-27 00:10:54
821,251.983,242.28,11.626,2023-09-27 00:11:55
822,268.189,240.618,11.626,2023-09-27 00:12:55
823,288.192,244.473,11.626,2023-09-27 00:13:55
824,265.14,244.45,11.626,2023-09-27 00:14:56
825,258.233,244.709,11.626,2023-09-27 00:15:56
826,249.665,239.634,11.626,2023-09-27 00:16:56
827,259.599,242.72,11.626,2023-09-27 00:17:57
828,284.066,245.133,11.626,2023-09-27 00:18:57
829,244.164,243.271,11.626,2023-09-27 00:19:57
830,275.915,240.841,11.626,2023-09-27 00:20:58
831,292.145,237.19,11.626,2023-09-27 00:21:58
832,264.498,244.423,11.626,2023-09-27 00:22:59
833,278.133,236.243,11.626,2023-09-27 00:23:59
834,262.632,241.464,11.626,2023-09-27 00:25:00
835,271.665,244.007,11.626,2023-09-27 00:26:00
836,269.939,242.288,11.626,2023-09-27 00:27:00
837,256.642,236.832,11.626,2023-09-27 00:28:01
838,263.109,232.586,11.626,2023-09-27 00:29:01
839,280.067,241.02,11.626,2023-09-27 00:30:02
840,263.426,195.565,11.626,2023-09-27 00:31:04
841,257.013,190.7,11.626,2023-09-27 00:32:05
842,247.389,203.026,11.626,2023-09-27 00:33:07
843,264.548,204.516,11.626,2023-09-27 00:34:08
844,259.342,219.267,11.626,2023-09-27 00:35:09
845,241.242,238.106,11.626,2023-09-27 00:36:09
846,214.44,207.672,11.626,2023-09-27 00:37:11
847,171.292,237.328,11.626,2023-09-27 00:38:11
848,222.926,239.775,11.626,2023-09-27 00:39:12
849,273.619,238.815,11.626,2023-09-27 00:40:12
850,258.485,240.576,11.626,2023-09-27 00:41:12
851,209.73,244.43,11.626,2023-09-27 00:42:13
852,255.071,249.429,11.626,2023-09-27 00:43:13
853,227.947,239.428,11.626,2023-09-27 00:44:14
854,200.532,237.883,11.626,2023-09-27 00:45:14
855,190.589,238.877,11.626,2023-09-27 00:46:14
856,191.398,245.41,11.626,2023-09-27 00:47:15
857,194.808,237.697,11.626,2023-09-27 00:48:15
858,207.777,241.382,11.626,2023-09-27 00:49:16
859,212.38,235.204,11.626,2023-09-27 00:50:16
860,218.155,238.138,11.626,2023-09-27 00:51:17
861,237.057,250.249,11.626,2023-09-27 00:52:17
862,242.644,246.226,11.626,2023-09-27 00:53:18
863,249.624,241.252,11.626,2023-09-27 00:54:18
864,231.176,246.666,11.626,2023-09-27 00:55:18
865,231.677,249.25,11.626,2023-09-27 00:56:19
866,250.769,243.565,11.626,2023-09-27 00:57:19
867,266.166,246.816,11.626,2023-09-27 00:58:19
868,237.962,244.692,11.626,2023-09-27 00:59:20
869,375.513,243.266,11.626,2023-09-27 01:00:19
870,289.93,244.655,11.626,2023-09-27 01:01:19
871,276.952,240.663,11.626,2023-09-27 01:02:19
872,255.156,246.832,11.626,2023-09-27 01:03:20
873,222.212,247.687,11.626,2023-09-27 01:04:20
874,273.552,241.4,11.626,2023-09-27 01:05:20
875,277.38,247.454,11.626,2023-09-27 01:06:21
876,289.126,223.313,11.626,2023-09-27 01:07:21
877,271.999,245.916,11.626,2023-09-27 01:08:22
878,268.305,249.591,11.626,2023-09-27 01:09:22
879,277.312,245.824,11.626,2023-09-27 01:10:22
880,282.59,244.432,11.626,2023-09-27 01:11:23
881,264.437,226.871,11.626,2023-09-27 01:12:23
882,275.052,238.272,11.626,2023-09-27 01:13:24
883,281.904,243.578,11.626,2023-09-27 01:14:24
884,235.542,240.495,11.626,2023-09-27 01:15:25
885,305.954,248.225,11.626,2023-09-27 01:16:25
886,291.25,239.089,11.626,2023-09-27 01:17:25
887,309.546,245.362,11.626,2023-09-27 01:18:26
888,244.421,246.216,11.626,2023-09-27 01:19:26
889,270.203,231.662,11.626,2023-09-27 01:20:27
890,276.526,246.065,11.626,2023-09-27 01:21:27
891,252.029,244.557,11.626,2023-09-27 01:22:27
892,285.917,243.06,11.626,2023-09-27 01:23:28
893,523.954,263.598,11.626,2023-09-27 01:24:24
894,679.358,263.423,11.626,2023-09-27 01:25:19
895,504.482,265.333,11.626,2023-09-27 01:26:15
896,346.215,267.112,11.626,2023-09-27 01:27:14
897,341.834,266.373,11.626,2023-09-27 01:28:14
898,299.195,265.471,11.626,2023-09-27 01:29:14
899,602.105,264.691,11.626,2023-09-27 01:30:09
900,575.209,175.932,11.626,2023-09-27 01:31:07
901,631.67,264.417,11.626,2023-09-27 01:32:03
902,612.439,263.795,11.626,2023-09-27 01:32:58
903,610.89,263.259,11.626,2023-09-27 01:33:53
904,583.035,267.961,11.626,2023-09-27 01:34:49
905,615.658,264.441,11.626,2023-09-27 01:35:44
906,579.879,269.044,11.626,2023-09-27 01:36:40
907,664.647,265.546,11.626,2023-09-27 01:37:35
908,624.256,267.421,11.626,2023-09-27 01:38:30
909,674.375,267.342,11.626,2023-09-27 01:39:24
910,626.087,266.665,11.626,2023-09-27 01:40:20
911,639.813,255.971,11.626,2023-09-27 01:41:15
912,604.238,265.045,11.626,2023-09-27 01:42:10
913,611.741,261.478,11.626,2023-09-27 01:43:06
914,703.631,268.278,11.626,2023-09-27 01:44:00
915,692.546,265.231,11.626,2023-09-27 01:44:55
916,631.603,264.816,11.626,2023-09-27 01:45:50
917,629.06,267.367,11.626,2023-09-27 01:46:45
918,648.697,264.565,11.626,2023-09-27 01:47:40
919,569.666,265.132,11.626,2023-09-27 01:48:36
920,630.945,266.092,11.626,2023-09-27 01:49:31
921,536.567,266.134,11.626,2023-09-27 01:50:27
922,597.93,265.576,11.626,2023-09-27 01:51:22
923,659.778,265.333,11.626,2023-09-27 01:52:17
924,636.685,266.271,11.626,2023-09-27 01:53:12
925,636.462,267.476,11.626,2023-09-27 01:54:08
926,695.232,268.099,11.626,2023-09-27 01:55:02
927,592.371,264.279,11.626,2023-09-27 01:55:58
928,634.129,264.777,11.626,2023-09-27 01:56:53
929,600.49,266.264,11.626,2023-09-27 01:57:48
930,624.677,264.565,11.626,2023-09-27 01:58:43
931,582.306,262.621,11.626,2023-09-27 01:59:39
932,693.782,267.206,11.626,2023-09-27 02:00:33
933,666.559,264.097,11.626,2023-09-27 02:01:28
934,641.756,266.893,11.626,2023-09-27 02:02:23
935,650.14,263.738,11.626,2023-09-27 02:03:18
936,675.649,264.848,11.626,2023-09-27 02:04:13
937,641.07,266.806,11.626,2023-09-27 02:05:08
938,669.07,266.579,11.626,2023-09-27 02:06:03
939,693.958,263.073,11.626,2023-09-27 02:06:58
940,660.737,265.74,11.626,2023-09-27 02:07:53
941,657.241,265.162,11.626,2023-09-27 02:08:47
942,675.511,265.048,11.626,2023-09-27 02:09:42
943,647.825,264.761,11.626,2023-09-27 02:10:37
944,594.798,264.227,11.626,2023-09-27 02:11:33
945,748.771,268.685,11.626,2023-09-27 02:12:27
946,645.452,266.937,11.626,2023-09-27 02:13:22
947,642.448,262.935,11.626,2023-09-27 02:14:17
948,590.512,267.421,11.626,2023-09-27 02:15:13
949,596.206,260.819,11.626,2023-09-27 02:16:08
950,519.838,266.854,11.626,2023-09-27 02:17:04
951,557.141,264.851,11.626,2023-09-27 02:18:00
952,670.357,265.606,11.626,2023-09-27 02:18:55
953,615.888,266.103,11.626,2023-09-27 02:19:50
954,616.693,265.985,11.626,2023-09-27 02:20:45
955,630.347,263.434,11.626,2023-09-27 02:21:41
956,627.901,267.82,11.626,2023-09-27 02:22:36
957,586.475,263.941,11.626,2023-09-27 02:23:31
958,676.534,264.007,11.626,2023-09-27 02:24:26
959,618.171,265.853,11.626,2023-09-27 02:25:21
960,683.07,264.528,11.626,2023-09-27 02:26:16
961,651.846,266.642,11.626,2023-09-27 02:27:11
962,579.341,263.922,11.626,2023-09-27 02:28:06
963,690.771,264.649,11.626,2023-09-27 02:29:01
964,656.273,264.777,11.626,2023-09-27 02:29:56
965,618.349,265.405,11.626,2023-09-27 02:30:51
966,616.851,266.685,11.626,2023-09-27 02:31:47
967,620.928,265.032,11.626,2023-09-27 02:32:42
968,559.118,264.503,11.626,2023-09-27 02:33:38
969,582.734,264.082,11.626,2023-09-27 02:34:33
970,705.431,263.903,11.626,2023-09-27 02:35:28
971,587.461,261.536,11.626,2023-09-27 02:36:23
972,598.606,266.047,11.626,2023-09-27 02:37:19
973,652.266,264.137,11.626,2023-09-27 02:38:14
974,692.104,265.226,11.626,2023-09-27 02:39:08
975,558.019,263.971,11.626,2023-09-27 02:40:04
976,679.444,262.722,11.626,2023-09-27 02:40:59
977,554.14,257.584,11.626,2023-09-27 02:41:55
978,332.912,250.116,11.626,2023-09-27 02:42:55
979,299.192,252.565,11.626,2023-09-27 02:43:55
980,324.88,256.39,11.626,2023-09-27 02:44:55
981,332.962,251.071,11.626,2023-09-27 02:45:55
982,325.384,215.369,11.626,2023-09-27 02:46:56
983,272.786,207.577,11.626,2023-09-27 02:47:58
984,300.959,246.435,11.626,2023-09-27 02:48:58
985,310.313,217.926,11.626,2023-09-27 02:49:59
986,450.204,264.516,11.626,2023-09-27 02:50:56
987,506.653,261.157,11.626,2023-09-27 02:51:53
988,525.492,251.765,11.626,2023-09-27 02:52:49
989,562.957,259.673,11.626,2023-09-27 02:53:45
990,446.017,248.8,11.626,2023-09-27 02:54:42
991,673.574,264.318,11.626,2023-09-27 02:55:37
992,333.735,246.108,11.626,2023-09-27 02:56:37
993,316.82,208.544,11.626,2023-09-27 02:57:39
994,314.243,79.838,11.626,2023-09-27 02:58:59
995,581.587,262.624,11.626,2023-09-27 02:59:55
996,347.613,243.959,11.626,2023-09-27 03:00:55
997,182.545,262.762,11.626,2023-09-27 03:01:55
998,618.215,266.402,11.626,2023-09-27 03:02:50
999,594.534,263.779,11.626,2023-09-27 03:03:45
